﻿Country Name,Country Code,Indicator Name,Indicator Code,1960,1961,1962,1963,1964,1965,1966,1967,1968,1969,1970,1971,1972,1973,1974,1975,1976,1977,1978,1979,1980,1981,1982,1983,1984,1985,1986,1987,1988,1989,1990,1991,1992,1993,1994,1995,1996,1997,1998,1999,2000,2001,2002,2003,2004,2005,2006,2007,2008,2009,2010,2011,2012,2013,2014,2015,2016,2017,2018,2019,2020,2021,2022
Aruba,ABW,Poverty headcount ratio at national poverty lines (% of population),SI.POV.NAHC,,,,,,,,,,,,,,,,,,,,,,,,,,,,,,,,,,,,,,,,,,,,,,,,,,,,,,,,,,,,,,,
Africa Eastern and Southern,AFE,Poverty headcount ratio at national poverty lines (% of population),SI.POV.NAHC,,,,,,,,,,,,,,,,,,,,,,,,,,,,,,,,,,,,,,,,,,,,,,,,,,,,,,,,,,,,,,,
Afghanistan,AFG,Poverty headcount ratio at national poverty lines (% of population),SI.POV.NAHC,,,,,,,,,,,,,,,,,,,,,,,,,,,,,,,,,,,,,,,,,,,,,,,,33.7,,,,38.3,,,,,54.5,,,,,,
Africa Western and Central,AFW,Poverty headcount ratio at national poverty lines (% of population),SI.POV.NAHC,,,,,,,,,,,,,,,,,,,,,,,,,,,,,,,,,,,,,,,,,,,,,,,,,,,,,,,,,,,,,,,
Angola,AGO,Poverty headcount ratio at national poverty lines (% of population),SI.POV.NAHC,,,,,,,,,,,,,,,,,,,,,,,,,,,,,,,,,,,,,,,,,,,,,,,,,,,,,,,,,,,32.3,,,,
Albania,ALB,Poverty headcount ratio at national poverty lines (% of population),SI.POV.NAHC,,,,,,,,,,,,,,,,,,,,,,,,,,,,,,,,,,,,,,,,,,,25.4,,,18.5,,,,,,,,,,,23.7,23.4,23,21.8,22,,
Andorra,AND,Poverty headcount ratio at national poverty lines (% of population),SI.POV.NAHC,,,,,,,,,,,,,,,,,,,,,,,,,,,,,,,,,,,,,,,,,,,,,,,,,,,,,,,,,,,,,,,
Arab World,ARB,Poverty headcount ratio at national poverty lines (% of population),SI.POV.NAHC,,,,,,,,,,,,,,,,,,,,,,,,,,,,,,,,,,,,,,,,,,,,,,,,,,,,,,,,,,,,,,,
United Arab Emirates,ARE,Poverty headcount ratio at national poverty lines (% of population),SI.POV.NAHC,,,,,,,,,,,,,,,,,,,,,,,,,,,,,,,,,,,,,,,,,,,,,,,,,,,,,,,,,,,,,,,
Argentina,ARG,Poverty headcount ratio at national poverty lines (% of population),SI.POV.NAHC,,,,,,,,,,,,,,,,,,,,,,,,,,,,,,,,,,,,,,,,,,,,,,,,,,,,,,,,,30.3,25.7,32,35.5,42,37.3,39.2
Armenia,ARM,Poverty headcount ratio at national poverty lines (% of population),SI.POV.NAHC,,,,,,,,,,,,,,,,,,,,,,,,,,,,,,,,,,,,,,,,,,,,,,,,,,,,,,,,,,,,26.4,27,26.5,
American Samoa,ASM,Poverty headcount ratio at national poverty lines (% of population),SI.POV.NAHC,,,,,,,,,,,,,,,,,,,,,,,,,,,,,,,,,,,,,,,,,,,,,,,,,,,,,,,,,,,,,,,
Antigua and Barbuda,ATG,Poverty headcount ratio at national poverty lines (% of population),SI.POV.NAHC,,,,,,,,,,,,,,,,,,,,,,,,,,,,,,,,,,,,,,,,,,,,,,,,,,,,,,,,,,,,,,,
Australia,AUS,Poverty headcount ratio at national poverty lines (% of population),SI.POV.NAHC,,,,,,,,,,,,,,,,,,,,,,,,,,,,,,,,,,,,,,,,,,,,,,,,,,,,,,,,,,,,,,,
Austria,AUT,Poverty headcount ratio at national poverty lines (% of population),SI.POV.NAHC,,,,,,,,,,,,,,,,,,,,,,,,,,,,,,,,,,,,,,,,,,,13.2,13,12.6,12.6,12,15.2,14.5,14.7,14.5,14.4,14.4,14.1,13.9,14.1,14.4,14.3,13.3,13.9,14.7,14.8,
Azerbaijan,AZE,Poverty headcount ratio at national poverty lines (% of population),SI.POV.NAHC,,,,,,,,,,,,,,,,,,,,,,,,,,,,,,,,,,,,,,,,,,49.6,,,,,,15.8,13.2,10.9,9.1,7.6,6,,,,,,,,,,
Burundi,BDI,Poverty headcount ratio at national poverty lines (% of population),SI.POV.NAHC,,,,,,,,,,,,,,,,,,,,,,,,,,,,,,,,,,,,,,,,,,,,,,,67.1,,,,,,,64.9,,,,,,,,,
Belgium,BEL,Poverty headcount ratio at national poverty lines (% of population),SI.POV.NAHC,,,,,,,,,,,,,,,,,,,,,,,,,,,,,,,,,,,,,,,,,,,,,,,,,,,,,,,,,,,14.8,14.1,12.7,13.2,
Benin,BEN,Poverty headcount ratio at national poverty lines (% of population),SI.POV.NAHC,,,,,,,,,,,,,,,,,,,,,,,,,,,,,,,,,,,,,,,,,,,,,,,37.5,33,,,35.2,36.2,,,,40.1,,,38.5,,,,
Burkina Faso,BFA,Poverty headcount ratio at national poverty lines (% of population),SI.POV.NAHC,,,,,,,,,,,,,,,,,,,,,,,,,,,,,,,,,,,,,,,,,,,,,,,,,,,,,,,,,,,41.4,,,,
Bangladesh,BGD,Poverty headcount ratio at national poverty lines (% of population),SI.POV.NAHC,,,,,,,,,,,,,,,,,,,,,,,,,,,,,,,,,,,,,,,,,48.9,,,,,40,,,,,31.5,,,,,,24.3,,,,,,18.7
Bulgaria,BGR,Poverty headcount ratio at national poverty lines (% of population),SI.POV.NAHC,,,,,,,,,,,,,,,,,,,,,,,,,,,,,,,,,,,,,,,,,,,,,,,,,,,,,,,,22.9,23.4,22,22.6,23.8,22.1,22.9,
Bahrain,BHR,Poverty headcount ratio at national poverty lines (% of population),SI.POV.NAHC,,,,,,,,,,,,,,,,,,,,,,,,,,,,,,,,,,,,,,,,,,,,,,,,,,,,,,,,,,,,,,,
"Bahamas, The",BHS,Poverty headcount ratio at national poverty lines (% of population),SI.POV.NAHC,,,,,,,,,,,,,,,,,,,,,,,,,,,,,,,,,,,,,,,,,,,,,,,,,,,,,,,,,,,,,,,
Bosnia and Herzegovina,BIH,Poverty headcount ratio at national poverty lines (% of population),SI.POV.NAHC,,,,,,,,,,,,,,,,,,,,,,,,,,,,,,,,,,,,,,,,,,,,,,,,18.2,,,,17.9,,,,16.9,,,,,,,
Belarus,BLR,Poverty headcount ratio at national poverty lines (% of population),SI.POV.NAHC,,,,,,,,,,,,,,,,,,,,,,,,,,,,,,,,,,,,,,,,,41.9,28.9,30.5,27.1,17.8,12.7,11.1,7.7,6.1,5.4,5.2,7.3,6.3,5.5,4.8,5.1,5.7,5.9,5.6,5,4.8,,
Belize,BLZ,Poverty headcount ratio at national poverty lines (% of population),SI.POV.NAHC,,,,,,,,,,,,,,,,,,,,,,,,,,,,,,,,,,,,,,,,,,,,,,,,,,,,,,,,,,,,,,,
Bermuda,BMU,Poverty headcount ratio at national poverty lines (% of population),SI.POV.NAHC,,,,,,,,,,,,,,,,,,,,,,,,,,,,,,,,,,,,,,,,,,,,,,,,,,,,,,,,,,,,,,,
Bolivia,BOL,Poverty headcount ratio at national poverty lines (% of population),SI.POV.NAHC,,,,,,,,,,,,,,,,,,,,,,,,,,,,,,,,,,,,,,,,,,,,,,,,,,,,,,,,,,,,37.2,39,36.4,
Brazil,BRA,Poverty headcount ratio at national poverty lines (% of population),SI.POV.NAHC,,,,,,,,,,,,,,,,,,,,,,,,,,,,,,,,,,,,,,,,,,,,,,,,,,,,,,,,,,,,,,,
Barbados,BRB,Poverty headcount ratio at national poverty lines (% of population),SI.POV.NAHC,,,,,,,,,,,,,,,,,,,,,,,,,,,,,,,,,,,,,,,,,,,,,,,,,,,,,,,,,,,,,,,
Brunei Darussalam,BRN,Poverty headcount ratio at national poverty lines (% of population),SI.POV.NAHC,,,,,,,,,,,,,,,,,,,,,,,,,,,,,,,,,,,,,,,,,,,,,,,,,,,,,,,,,,,,,,,
Bhutan,BTN,Poverty headcount ratio at national poverty lines (% of population),SI.POV.NAHC,,,,,,,,,,,,,,,,,,,,,,,,,,,,,,,,,,,,,,,,,,,,,,,,23.2,,,,,12,,,,,8.2,,,,,12.4
Botswana,BWA,Poverty headcount ratio at national poverty lines (% of population),SI.POV.NAHC,,,,,,,,,,,,,,,,,,,,,,,,,,,,,,,,,,,,,,,,,,,30.6,,,,,,,19.3,,,,,,16.1,,,,,,,
Central African Republic,CAF,Poverty headcount ratio at national poverty lines (% of population),SI.POV.NAHC,,,,,,,,,,,,,,,,,,,,,,,,,,,,,,,,,,,,,,,,,,,,,,,,,62,,,,,,,,,,,,,68.8,
Canada,CAN,Poverty headcount ratio at national poverty lines (% of population),SI.POV.NAHC,,,,,,,,,,,,,,,,,,,,,,,,,,,,,,,,,,,,,,,,,,,,,,,,,,,,,,,,,,,,,,,
Central Europe and the Baltics,CEB,Poverty headcount ratio at national poverty lines (% of population),SI.POV.NAHC,,,,,,,,,,,,,,,,,,,,,,,,,,,,,,,,,,,,,,,,,,,,,,,,,,,,,,,,,,,,,,,
Switzerland,CHE,Poverty headcount ratio at national poverty lines (% of population),SI.POV.NAHC,,,,,,,,,,,,,,,,,,,,,,,,,,,,,,,,,,,,,,,,,,,,,,,15,15.7,15.6,15,15,15.9,14.5,13.8,15.6,14.7,15.5,14.6,16,15.5,14.7,,
Channel Islands,CHI,Poverty headcount ratio at national poverty lines (% of population),SI.POV.NAHC,,,,,,,,,,,,,,,,,,,,,,,,,,,,,,,,,,,,,,,,,,,,,,,,,,,,,,,,,,,,,,,
Chile,CHL,Poverty headcount ratio at national poverty lines (% of population),SI.POV.NAHC,,,,,,,,,,,,,,,,,,,,,,,,,,,,,,,,,,,,,,,,,36,,,35.4,,,29.1,,,25.3,,22.2,,14.4,,11.7,,8.6,,,10.8,,
China,CHN,Poverty headcount ratio at national poverty lines (% of population),SI.POV.NAHC,,,,,,,,,,,,,,,,,,,,,,,,,,,,,,,,,,,,,,,,,49.8,,,,,30.2,,,,,17.2,12.7,10.2,8.5,7.2,5.7,4.5,3.1,1.7,0.6,0,,
Cote d'Ivoire,CIV,Poverty headcount ratio at national poverty lines (% of population),SI.POV.NAHC,,,,,,,,,,,,,,,,,,,,,,,,,,,,,,,,,,,,,,,,,,,,,,,,,,,,,,,,44.4,,,39.5,,,,
Cameroon,CMR,Poverty headcount ratio at national poverty lines (% of population),SI.POV.NAHC,,,,,,,,,,,,,,,,,,,,,,,,,,,,,,,,,,,,,,,,,,40.2,,,,,,39.9,,,,,,,37.5,,,,,,,,
"Congo, Dem. Rep.",COD,Poverty headcount ratio at national poverty lines (% of population),SI.POV.NAHC,,,,,,,,,,,,,,,,,,,,,,,,,,,,,,,,,,,,,,,,,,,,,69.3,,,,,,,,63.9,,,,,,,,,,
"Congo, Rep.",COG,Poverty headcount ratio at national poverty lines (% of population),SI.POV.NAHC,,,,,,,,,,,,,,,,,,,,,,,,,,,,,,,,,,,,,,,,,,,,,,50.7,,,,,,40.9,,,,,,,,,,,
Colombia,COL,Poverty headcount ratio at national poverty lines (% of population),SI.POV.NAHC,,,,,,,,,,,,,,,,,,,,,,,,,,,,,,,,,,,,,,,,,,,,,,,,,,,,,,,,,,,,35.7,42.5,39.3,
Comoros,COM,Poverty headcount ratio at national poverty lines (% of population),SI.POV.NAHC,,,,,,,,,,,,,,,,,,,,,,,,,,,,,,,,,,,,,,,,,,,,,,,,,,,,,,42.4,,,,,,,,,
Cabo Verde,CPV,Poverty headcount ratio at national poverty lines (% of population),SI.POV.NAHC,,,,,,,,,,,,,,,,,,,,,,,,,,,,,,,,,,,,,,,,,,56.8,,,,,,45.4,,,,,,,,35.2,,,,,,,
Costa Rica,CRI,Poverty headcount ratio at national poverty lines (% of population),SI.POV.NAHC,,,,,,,,,,,,,,,,,,,,,,,,,,,,,,,,,,,,,,,,,,,,,,,,,,,,24.8,23.5,23.3,24.6,23.6,22.9,22.1,22.9,23.9,30,26.2,25.5
Caribbean small states,CSS,Poverty headcount ratio at national poverty lines (% of population),SI.POV.NAHC,,,,,,,,,,,,,,,,,,,,,,,,,,,,,,,,,,,,,,,,,,,,,,,,,,,,,,,,,,,,,,,
Cuba,CUB,Poverty headcount ratio at national poverty lines (% of population),SI.POV.NAHC,,,,,,,,,,,,,,,,,,,,,,,,,,,,,,,,,,,,,,,,,,,,,,,,,,,,,,,,,,,,,,,
Curacao,CUW,Poverty headcount ratio at national poverty lines (% of population),SI.POV.NAHC,,,,,,,,,,,,,,,,,,,,,,,,,,,,,,,,,,,,,,,,,,,,,,,,,,,,,,,,,,,,,,,
Cayman Islands,CYM,Poverty headcount ratio at national poverty lines (% of population),SI.POV.NAHC,,,,,,,,,,,,,,,,,,,,,,,,,,,,,,,,,,,,,,,,,,,,,,,,,,,,,,,,,,,,,,,
Cyprus,CYP,Poverty headcount ratio at national poverty lines (% of population),SI.POV.NAHC,,,,,,,,,,,,,,,,,,,,,,,,,,,,,,,,,,,,,,,,,,,,,16.1,15.6,15.5,15.9,15.8,15.6,14.8,14.7,15.3,14.4,16.2,16.1,15.7,15.4,14.7,14.3,13.8,13.9,
Czechia,CZE,Poverty headcount ratio at national poverty lines (% of population),SI.POV.NAHC,,,,,,,,,,,,,,,,,,,,,,,,,,,,,,,,,,,,,,,,,,,,,10.4,9.9,9.6,9,8.6,9,9.8,9.6,8.6,9.7,9.7,9.7,9.1,9.6,10.1,9.5,8.7,10.2,
Germany,DEU,Poverty headcount ratio at national poverty lines (% of population),SI.POV.NAHC,,,,,,,,,,,,,,,,,,,,,,,,,,,,,,,,,,,,,,,,,,,,,,,,,,,,,,,,,,,,16.1,16,14.7,
Djibouti,DJI,Poverty headcount ratio at national poverty lines (% of population),SI.POV.NAHC,,,,,,,,,,,,,,,,,,,,,,,,,,,,,,,,,,,,,,,,,,,,,,,,,,,,,,,,,,21.1,,,,,
Dominica,DMA,Poverty headcount ratio at national poverty lines (% of population),SI.POV.NAHC,,,,,,,,,,,,,,,,,,,,,,,,,,,,,,,,,,,,,,,,,,,,,,,,,,,,,,,,,,,,,,,
Denmark,DNK,Poverty headcount ratio at national poverty lines (% of population),SI.POV.NAHC,,,,,,,,,,,,,,,,,,,,,,,,,,,,,,,,,,,,,,,,,,,,,,,,,,,,,,,,,,,,12.1,12.3,12.4,
Dominican Republic,DOM,Poverty headcount ratio at national poverty lines (% of population),SI.POV.NAHC,,,,,,,,,,,,,,,,,,,,,,,,,,,,,,,,,,,,,,,,,,,,,,,,,,,,,,,,,,25.6,22.8,21,23.4,23.9,
Algeria,DZA,Poverty headcount ratio at national poverty lines (% of population),SI.POV.NAHC,,,,,,,,,,,,,,,,,,,,,,,,,,,,,,,,,,,,,,,,,,,,,,,,,,,,5.5,,,,,,,,,,,
East Asia & Pacific (excluding high income),EAP,Poverty headcount ratio at national poverty lines (% of population),SI.POV.NAHC,,,,,,,,,,,,,,,,,,,,,,,,,,,,,,,,,,,,,,,,,,,,,,,,,,,,,,,,,,,,,,,
Early-demographic dividend,EAR,Poverty headcount ratio at national poverty lines (% of population),SI.POV.NAHC,,,,,,,,,,,,,,,,,,,,,,,,,,,,,,,,,,,,,,,,,,,,,,,,,,,,,,,,,,,,,,,
East Asia & Pacific,EAS,Poverty headcount ratio at national poverty lines (% of population),SI.POV.NAHC,,,,,,,,,,,,,,,,,,,,,,,,,,,,,,,,,,,,,,,,,,,,,,,,,,,,,,,,,,,,,,,
Europe & Central Asia (excluding high income),ECA,Poverty headcount ratio at national poverty lines (% of population),SI.POV.NAHC,,,,,,,,,,,,,,,,,,,,,,,,,,,,,,,,,,,,,,,,,,,,,,,,,,,,,,,,,,,,,,,
Europe & Central Asia,ECS,Poverty headcount ratio at national poverty lines (% of population),SI.POV.NAHC,,,,,,,,,,,,,,,,,,,,,,,,,,,,,,,,,,,,,,,,,,,,,,,,,,,,,,,,,,,,,,,
Ecuador,ECU,Poverty headcount ratio at national poverty lines (% of population),SI.POV.NAHC,,,,,,,,,,,,,,,,,,,,,,,,,,,,,,,,,,,,,,,,,,,,,,,,36.7,35.1,36,32.8,28.6,27.3,25.6,22.5,23.3,22.9,21.5,23.2,25,33,27.7,25.2
"Egypt, Arab Rep.",EGY,Poverty headcount ratio at national poverty lines (% of population),SI.POV.NAHC,,,,,,,,,,,,,,,,,,,,,,,,,,,,,,,,,,,,,,,,,,,,,,,,,,,,,,,,,,,,29.7,,,
Euro area,EMU,Poverty headcount ratio at national poverty lines (% of population),SI.POV.NAHC,,,,,,,,,,,,,,,,,,,,,,,,,,,,,,,,,,,,,,,,,,,,,,,,,,,,,,,,,,,,,,,
Eritrea,ERI,Poverty headcount ratio at national poverty lines (% of population),SI.POV.NAHC,,,,,,,,,,,,,,,,,,,,,,,,,,,,,,,,,,,,,,,,,,,,,,,,,,,,,,,,,,,,,,,
Spain,ESP,Poverty headcount ratio at national poverty lines (% of population),SI.POV.NAHC,,,,,,,,,,,,,,,,,,,,,,,,,,,,,,,,,,,,,,,,,,,,20.1,20.1,20.3,19.7,19.8,20.4,20.7,20.6,20.8,20.4,22.2,22.1,22.3,21.6,21.5,20.7,21,21.7,20.4,
Estonia,EST,Poverty headcount ratio at national poverty lines (% of population),SI.POV.NAHC,,,,,,,,,,,,,,,,,,,,,,,,,,,,,,,,,,,,,,,,,,,,20.2,18.3,18.3,19.4,19.5,19.7,15.8,17.5,17.5,18.6,21.8,21.6,21.7,21,21.9,21.7,20.7,20.6,22.8,
Ethiopia,ETH,Poverty headcount ratio at national poverty lines (% of population),SI.POV.NAHC,,,,,,,,,,,,,,,,,,,,,,,,,,,,,,,,,,,,,,,,,,,,,38.7,,,,,,29.6,,,,,23.5,,,,,,,
European Union,EUU,Poverty headcount ratio at national poverty lines (% of population),SI.POV.NAHC,,,,,,,,,,,,,,,,,,,,,,,,,,,,,,,,,,,,,,,,,,,,,,,,,,,,,,,,,,,,,,,
Fragile and conflict affected situations,FCS,Poverty headcount ratio at national poverty lines (% of population),SI.POV.NAHC,,,,,,,,,,,,,,,,,,,,,,,,,,,,,,,,,,,,,,,,,,,,,,,,,,,,,,,,,,,,,,,
Finland,FIN,Poverty headcount ratio at national poverty lines (% of population),SI.POV.NAHC,,,,,,,,,,,,,,,,,,,,,,,,,,,,,,,,,,,,,,,,,,,,11,11.7,12.6,13,13.6,13.8,13.1,13.7,13.2,11.8,12.8,12.4,11.6,11.5,12,11.6,12.2,10.8,12.7,
Fiji,FJI,Poverty headcount ratio at national poverty lines (% of population),SI.POV.NAHC,,,,,,,,,,,,,,,,,,,,,,,,,,,,,,,,,,,,,,,,,,,,,,,,,,,,,,,,,,,,24.1,,,
France,FRA,Poverty headcount ratio at national poverty lines (% of population),SI.POV.NAHC,,,,,,,,,,,,,,,,,,,,,,,,,,,,,,,,,,,,,,,,,,,,,,,,,,,,,,,,,,,,14.2,14.3,15.6,
Faroe Islands,FRO,Poverty headcount ratio at national poverty lines (% of population),SI.POV.NAHC,,,,,,,,,,,,,,,,,,,,,,,,,,,,,,,,,,,,,,,,,,,,,,,,,,,,,,,,,,,,,,,
"Micronesia, Fed. Sts.",FSM,Poverty headcount ratio at national poverty lines (% of population),SI.POV.NAHC,,,,,,,,,,,,,,,,,,,,,,,,,,,,,,,,,,,,,,,,,,,,,,,,,,,,,,41.2,,,,,,,,,
Gabon,GAB,Poverty headcount ratio at national poverty lines (% of population),SI.POV.NAHC,,,,,,,,,,,,,,,,,,,,,,,,,,,,,,,,,,,,,,,,,,,,,,32.7,,,,,,,,,,,,33.4,,,,,
United Kingdom,GBR,Poverty headcount ratio at national poverty lines (% of population),SI.POV.NAHC,,,,,,,,,,,,,,,,,,,,,,,,,,,,,,,,,,,,,,,,,,,,,,,,,,,,,,,,,17,18.6,,,,,
Georgia,GEO,Poverty headcount ratio at national poverty lines (% of population),SI.POV.NAHC,,,,,,,,,,,,,,,,,,,,,,,,,,,,,,,,,,,,,,,,,,,,,,,36.9,38.8,34.9,34.9,37.3,34.1,30,26.2,23.5,21.6,22,21.9,20.1,19.5,21.3,17.5,15.6
Ghana,GHA,Poverty headcount ratio at national poverty lines (% of population),SI.POV.NAHC,,,,,,,,,,,,,,,,,,,,,,,,,,,,,,,,,,,,,,,,,,,,,,31.9,,,,,,,24.2,,,,23.4,,,,,,
Gibraltar,GIB,Poverty headcount ratio at national poverty lines (% of population),SI.POV.NAHC,,,,,,,,,,,,,,,,,,,,,,,,,,,,,,,,,,,,,,,,,,,,,,,,,,,,,,,,,,,,,,,
Guinea,GIN,Poverty headcount ratio at national poverty lines (% of population),SI.POV.NAHC,,,,,,,,,,,,,,,,,,,,,,,,,,,,,,,,,,,,,,,,,,,,,,,,,,,,,,,,,,,43.7,,,,
"Gambia, The",GMB,Poverty headcount ratio at national poverty lines (% of population),SI.POV.NAHC,,,,,,,,,,,,,,,,,,,,,,,,,,,,,,,,,,,,,,,,,,,,,,,,,,,48.1,,,,,48.6,,,,,53.4,,
Guinea-Bissau,GNB,Poverty headcount ratio at national poverty lines (% of population),SI.POV.NAHC,,,,,,,,,,,,,,,,,,,,,,,,,,,,,,,,,,,,,,,,,,,64.7,,,,,,,,48.7,,,,,,,,47.7,,,,
Equatorial Guinea,GNQ,Poverty headcount ratio at national poverty lines (% of population),SI.POV.NAHC,,,,,,,,,,,,,,,,,,,,,,,,,,,,,,,,,,,,,,,,,,,,,,,76.8,,,,,,,,,,,,,,,,
Greece,GRC,Poverty headcount ratio at national poverty lines (% of population),SI.POV.NAHC,,,,,,,,,,,,,,,,,,,,,,,,,,,,,,,,,,,,,,,,,,,20.7,19.9,19.6,20.5,20.3,20.1,19.7,20.1,21.4,23.1,23.1,22.1,21.4,21.2,20.2,18.5,17.9,17.7,19.6,18.8,
Grenada,GRD,Poverty headcount ratio at national poverty lines (% of population),SI.POV.NAHC,,,,,,,,,,,,,,,,,,,,,,,,,,,,,,,,,,,,,,,,,,,,,,,,,,,,,,,,,,,,,,,
Greenland,GRL,Poverty headcount ratio at national poverty lines (% of population),SI.POV.NAHC,,,,,,,,,,,,,,,,,,,,,,,,,,,,,,,,,,,,,,,,,,,,,,,,,,,,,,,,,,,,,,,
Guatemala,GTM,Poverty headcount ratio at national poverty lines (% of population),SI.POV.NAHC,,,,,,,,,,,,,,,,,,,,,,,,,,,,,,,,,,,,,,,,,56,,,,,,51,,,,,,,,59.3,,,,,,,,
Guam,GUM,Poverty headcount ratio at national poverty lines (% of population),SI.POV.NAHC,,,,,,,,,,,,,,,,,,,,,,,,,,,,,,,,,,,,,,,,,,,,,,,,,,,,,,,,,,,,,,,
Guyana,GUY,Poverty headcount ratio at national poverty lines (% of population),SI.POV.NAHC,,,,,,,,,,,,,,,,,,,,,,,,,,,,,,,,,,,,,,,,,,,,,,,,,,,,,,,,,,,,,,,
High income,HIC,Poverty headcount ratio at national poverty lines (% of population),SI.POV.NAHC,,,,,,,,,,,,,,,,,,,,,,,,,,,,,,,,,,,,,,,,,,,,,,,,,,,,,,,,,,,,,,,
"Hong Kong SAR, China",HKG,Poverty headcount ratio at national poverty lines (% of population),SI.POV.NAHC,,,,,,,,,,,,,,,,,,,,,,,,,,,,,,,,,,,,,,,,,,,,,,,,,,,,,,,,,,,,,,,
Honduras,HND,Poverty headcount ratio at national poverty lines (% of population),SI.POV.NAHC,,,,,,,,,,,,,,,,,,,,,,,,,,,,,,,,,,,,,,,,,,,,,,,,,,,,,,,49.7,51.5,49.7,49.8,50.4,48,,,
Heavily indebted poor countries (HIPC),HPC,Poverty headcount ratio at national poverty lines (% of population),SI.POV.NAHC,,,,,,,,,,,,,,,,,,,,,,,,,,,,,,,,,,,,,,,,,,,,,,,,,,,,,,,,,,,,,,,
Croatia,HRV,Poverty headcount ratio at national poverty lines (% of population),SI.POV.NAHC,,,,,,,,,,,,,,,,,,,,,,,,,,,,,,,,,,,,,,,,,,,,,,,,,,20.6,20.9,20.4,19.5,19.4,20,19.5,20,19.3,18.3,18.3,19.2,18,
Haiti,HTI,Poverty headcount ratio at national poverty lines (% of population),SI.POV.NAHC,,,,,,,,,,,,,,,,,,,,,,,,,,,,,,,,,,,,,,,,,,,,,,,,,,,,,58.5,,,,,,,,,,
Hungary,HUN,Poverty headcount ratio at national poverty lines (% of population),SI.POV.NAHC,,,,,,,,,,,,,,,,,,,,,,,,,,,,,,,,,,,,,,,,,,,,,13.5,15.9,12.3,12.4,12.4,12.3,14.1,14.3,15,15,14.9,14.5,13.4,12.8,12.3,12.3,12.6,12.1,
IBRD only,IBD,Poverty headcount ratio at national poverty lines (% of population),SI.POV.NAHC,,,,,,,,,,,,,,,,,,,,,,,,,,,,,,,,,,,,,,,,,,,,,,,,,,,,,,,,,,,,,,,
IDA & IBRD total,IBT,Poverty headcount ratio at national poverty lines (% of population),SI.POV.NAHC,,,,,,,,,,,,,,,,,,,,,,,,,,,,,,,,,,,,,,,,,,,,,,,,,,,,,,,,,,,,,,,
IDA total,IDA,Poverty headcount ratio at national poverty lines (% of population),SI.POV.NAHC,,,,,,,,,,,,,,,,,,,,,,,,,,,,,,,,,,,,,,,,,,,,,,,,,,,,,,,,,,,,,,,
IDA blend,IDB,Poverty headcount ratio at national poverty lines (% of population),SI.POV.NAHC,,,,,,,,,,,,,,,,,,,,,,,,,,,,,,,,,,,,,,,,,,,,,,,,,,,,,,,,,,,,,,,
Indonesia,IDN,Poverty headcount ratio at national poverty lines (% of population),SI.POV.NAHC,,,,,,,,,,,,,,,,,,,,,,,,,,,,,,,,,,,,,,,,,19.1,18.4,18.2,17.4,16.7,16,17.8,16.6,15.4,14.1,,12.5,12,11.4,11.3,11.2,10.9,10.6,9.8,9.4,9.8,10.1,9.5
IDA only,IDX,Poverty headcount ratio at national poverty lines (% of population),SI.POV.NAHC,,,,,,,,,,,,,,,,,,,,,,,,,,,,,,,,,,,,,,,,,,,,,,,,,,,,,,,,,,,,,,,
Isle of Man,IMN,Poverty headcount ratio at national poverty lines (% of population),SI.POV.NAHC,,,,,,,,,,,,,,,,,,,,,,,,,,,,,,,,,,,,,,,,,,,,,,,,,,,,,,,,,,,,,,,
India,IND,Poverty headcount ratio at national poverty lines (% of population),SI.POV.NAHC,,,,,,,,,,,,,,,,,,,,,,,,,,,,,,,,,,,,,,,,,,,,,37.2,,,,,29.8,,21.9,,,,,,,,,,,
Not classified,INX,Poverty headcount ratio at national poverty lines (% of population),SI.POV.NAHC,,,,,,,,,,,,,,,,,,,,,,,,,,,,,,,,,,,,,,,,,,,,,,,,,,,,,,,,,,,,,,,
Ireland,IRL,Poverty headcount ratio at national poverty lines (% of population),SI.POV.NAHC,,,,,,,,,,,,,,,,,,,,,,,,,,,,,,,,,,,,,,,,,,,,,,,,,,,,,,,,,,,,13.8,12.9,14,
"Iran, Islamic Rep.",IRN,Poverty headcount ratio at national poverty lines (% of population),SI.POV.NAHC,,,,,,,,,,,,,,,,,,,,,,,,,,,,,,,,,,,,,,,,,,,,,,,,,,,,,,,,,,,,,,,
Iraq,IRQ,Poverty headcount ratio at national poverty lines (% of population),SI.POV.NAHC,,,,,,,,,,,,,,,,,,,,,,,,,,,,,,,,,,,,,,,,,,,,,,,22.4,,,,,,18.9,,,,,,,,,,
Iceland,ISL,Poverty headcount ratio at national poverty lines (% of population),SI.POV.NAHC,,,,,,,,,,,,,,,,,,,,,,,,,,,,,,,,,,,,,,,,,,,,10,9.7,9.6,10.1,10.1,10.2,9.8,9.2,7.9,9.3,7.9,9.2,8.8,10.1,8.8,,,,,
Israel,ISR,Poverty headcount ratio at national poverty lines (% of population),SI.POV.NAHC,,,,,,,,,,,,,,,,,,,,,,,,,,,,,,,,,,,,,,,,,,,,,,,,,,,,,,,,,,,,,,,
Italy,ITA,Poverty headcount ratio at national poverty lines (% of population),SI.POV.NAHC,,,,,,,,,,,,,,,,,,,,,,,,,,,,,,,,,,,,,,,,,,,,18.9,19.2,19.3,19.5,18.9,18.4,18.7,19.8,19.5,19.3,19.4,19.9,20.6,20.3,20.3,20.1,20,20.1,20.1,
Jamaica,JAM,Poverty headcount ratio at national poverty lines (% of population),SI.POV.NAHC,,,,,,,,,,,,,,,,,,,,,,,,,,,,,,,,,,,,,,,,,18.7,16.9,19.7,19.1,16.9,14.8,14.3,9.9,12.3,16.5,17.6,,19.9,,,,,,,,,,
Jordan,JOR,Poverty headcount ratio at national poverty lines (% of population),SI.POV.NAHC,,,,,,,,,,,,,,,,,,,,,,,,,,,,,,,,,,,,,,,,,,,,,,,,,,,,,,,,,,,15.7,,,,
Japan,JPN,Poverty headcount ratio at national poverty lines (% of population),SI.POV.NAHC,,,,,,,,,,,,,,,,,,,,,,,,,,,,,,,,,,,,,,,,,,,,,,,,,,,,,,,,,,,,,,,
Kazakhstan,KAZ,Poverty headcount ratio at national poverty lines (% of population),SI.POV.NAHC,,,,,,,,,,,,,,,,,,,,,,,,,,,,,,,,,,,,,,,,,,,,,,,,,,,,,,,,,,,4.3,4.3,5.3,5.2,5.2
Kenya,KEN,Poverty headcount ratio at national poverty lines (% of population),SI.POV.NAHC,,,,,,,,,,,,,,,,,,,,,,,,,,,,,,,,,,,,,,,,,,,,,,46.8,,,,,,,,,,36.1,,,,,,,
Kyrgyz Republic,KGZ,Poverty headcount ratio at national poverty lines (% of population),SI.POV.NAHC,,,,,,,,,,,,,,,,,,,,,,,,,,,,,,,,,,,,,,,,,,,,,,,39.9,35,31.7,31.7,33.7,36.8,38,37,30.6,32.1,25.4,25.6,22.4,20.1,25.3,33.3,
Cambodia,KHM,Poverty headcount ratio at national poverty lines (% of population),SI.POV.NAHC,,,,,,,,,,,,,,,,,,,,,,,,,,,,,,,,,,,,,,,,,,,,50.2,,,45,,34,23.9,22.1,20.5,17.7,,,,,,,,,,
Kiribati,KIR,Poverty headcount ratio at national poverty lines (% of population),SI.POV.NAHC,,,,,,,,,,,,,,,,,,,,,,,,,,,,,,,,,,,,,,,,,,,,,,,,,,,,,,,,,,,,21.9,,,
St. Kitts and Nevis,KNA,Poverty headcount ratio at national poverty lines (% of population),SI.POV.NAHC,,,,,,,,,,,,,,,,,,,,,,,,,,,,,,,,,,,,,,,,,,,,,,,,,,,,,,,,,,,,,,,
"Korea, Rep.",KOR,Poverty headcount ratio at national poverty lines (% of population),SI.POV.NAHC,,,,,,,,,,,,,,,,,,,,,,,,,,,,,,,,,,,,,,,,,,,,,,,,,,,,,,,,,,,,,,,
Kuwait,KWT,Poverty headcount ratio at national poverty lines (% of population),SI.POV.NAHC,,,,,,,,,,,,,,,,,,,,,,,,,,,,,,,,,,,,,,,,,,,,,,,,,,,,,,,,,,,,,,,
Latin America & Caribbean (excluding high income),LAC,Poverty headcount ratio at national poverty lines (% of population),SI.POV.NAHC,,,,,,,,,,,,,,,,,,,,,,,,,,,,,,,,,,,,,,,,,,,,,,,,,,,,,,,,,,,,,,,
Lao PDR,LAO,Poverty headcount ratio at national poverty lines (% of population),SI.POV.NAHC,,,,,,,,,,,,,,,,,,,,,,,,,,,,,,,,,,,,,,,,,,,,,,,,,,,,,,,,,,,18.3,,,,
Lebanon,LBN,Poverty headcount ratio at national poverty lines (% of population),SI.POV.NAHC,,,,,,,,,,,,,,,,,,,,,,,,,,,,,,,,,,,,,,,,,,,,,,,,,,,,27.4,,,,,,,,,,,
Liberia,LBR,Poverty headcount ratio at national poverty lines (% of population),SI.POV.NAHC,,,,,,,,,,,,,,,,,,,,,,,,,,,,,,,,,,,,,,,,,,,,,,,,,,,,,,,54.1,,50.9,,,,,,
Libya,LBY,Poverty headcount ratio at national poverty lines (% of population),SI.POV.NAHC,,,,,,,,,,,,,,,,,,,,,,,,,,,,,,,,,,,,,,,,,,,,,,,,,,,,,,,,,,,,,,,
St. Lucia,LCA,Poverty headcount ratio at national poverty lines (% of population),SI.POV.NAHC,,,,,,,,,,,,,,,,,,,,,,,,,,,,,,,,,,,,,,,,,,,,,,,,,,,,,,,,,25,,,,,,
Latin America & Caribbean,LCN,Poverty headcount ratio at national poverty lines (% of population),SI.POV.NAHC,,,,,,,,,,,,,,,,,,,,,,,,,,,,,,,,,,,,,,,,,,,,,,,,,,,,,,,,,,,,,,,
Least developed countries: UN classification,LDC,Poverty headcount ratio at national poverty lines (% of population),SI.POV.NAHC,,,,,,,,,,,,,,,,,,,,,,,,,,,,,,,,,,,,,,,,,,,,,,,,,,,,,,,,,,,,,,,
Low income,LIC,Poverty headcount ratio at national poverty lines (% of population),SI.POV.NAHC,,,,,,,,,,,,,,,,,,,,,,,,,,,,,,,,,,,,,,,,,,,,,,,,,,,,,,,,,,,,,,,
Liechtenstein,LIE,Poverty headcount ratio at national poverty lines (% of population),SI.POV.NAHC,,,,,,,,,,,,,,,,,,,,,,,,,,,,,,,,,,,,,,,,,,,,,,,,,,,,,,,,,,,,,,,
Sri Lanka,LKA,Poverty headcount ratio at national poverty lines (% of population),SI.POV.NAHC,,,,,,,,,,,,,,,,,,,,,,,,,,,,,,,,,,,,,,,,,,,46.8,,,,34.1,,,28.4,,,22.5,,,,16,,,14.3,,,
Lower middle income,LMC,Poverty headcount ratio at national poverty lines (% of population),SI.POV.NAHC,,,,,,,,,,,,,,,,,,,,,,,,,,,,,,,,,,,,,,,,,,,,,,,,,,,,,,,,,,,,,,,
Low & middle income,LMY,Poverty headcount ratio at national poverty lines (% of population),SI.POV.NAHC,,,,,,,,,,,,,,,,,,,,,,,,,,,,,,,,,,,,,,,,,,,,,,,,,,,,,,,,,,,,,,,
Lesotho,LSO,Poverty headcount ratio at national poverty lines (% of population),SI.POV.NAHC,,,,,,,,,,,,,,,,,,,,,,,,,,,,,,,,,,,,,,,,,,,56.6,,,,,,,,,,,,,,,49.7,,,,,
Late-demographic dividend,LTE,Poverty headcount ratio at national poverty lines (% of population),SI.POV.NAHC,,,,,,,,,,,,,,,,,,,,,,,,,,,,,,,,,,,,,,,,,,,,,,,,,,,,,,,,,,,,,,,
Lithuania,LTU,Poverty headcount ratio at national poverty lines (% of population),SI.POV.NAHC,,,,,,,,,,,,,,,,,,,,,,,,,,,,,,,,,,,,,,,,,,,,,20.5,20,19.1,20.9,20.3,20.5,19.2,18.6,20.6,19.1,22.2,21.9,22.9,22.9,20.6,20.9,20,20.9,
Luxembourg,LUX,Poverty headcount ratio at national poverty lines (% of population),SI.POV.NAHC,,,,,,,,,,,,,,,,,,,,,,,,,,,,,,,,,,,,,,,,,,,,,,,,,,,,,,,,,,,,,,17.4,
Latvia,LVA,Poverty headcount ratio at national poverty lines (% of population),SI.POV.NAHC,,,,,,,,,,,,,,,,,,,,,,,,,,,,,,,,,,,,,,,,,,,,,19.4,23.5,21.2,25.9,26.4,20.9,19,19.2,19.4,21.2,22.5,21.8,22.1,23.3,22.9,21.6,23.4,22.5,
"Macao SAR, China",MAC,Poverty headcount ratio at national poverty lines (% of population),SI.POV.NAHC,,,,,,,,,,,,,,,,,,,,,,,,,,,,,,,,,,,,,,,,,,,,,,,,,,,,,,,,,,,,,,,
St. Martin (French part),MAF,Poverty headcount ratio at national poverty lines (% of population),SI.POV.NAHC,,,,,,,,,,,,,,,,,,,,,,,,,,,,,,,,,,,,,,,,,,,,,,,,,,,,,,,,,,,,,,,
Morocco,MAR,Poverty headcount ratio at national poverty lines (% of population),SI.POV.NAHC,,,,,,,,,,,,,,,,,,,,,,,,,,,,,,,,,,,,,,,,,15.3,,,,,,8.9,,,,,,,4.8,,,,,,,,,
Monaco,MCO,Poverty headcount ratio at national poverty lines (% of population),SI.POV.NAHC,,,,,,,,,,,,,,,,,,,,,,,,,,,,,,,,,,,,,,,,,,,,,,,,,,,,,,,,,,,,,,,
Moldova,MDA,Poverty headcount ratio at national poverty lines (% of population),SI.POV.NAHC,,,,,,,,,,,,,,,,,,,,,,,,,,,,,,,,,,,,,,,,,,,,,,,,,,,,,,,,,,,,25.2,26.8,24.5,31.1
Madagascar,MDG,Poverty headcount ratio at national poverty lines (% of population),SI.POV.NAHC,,,,,,,,,,,,,,,,,,,,,,,,,,,,,,,,,,,,,,,,,,70.8,,,,73.2,,,,,71.7,,70.7,,,,,,,,,,
Maldives,MDV,Poverty headcount ratio at national poverty lines (% of population),SI.POV.NAHC,,,,,,,,,,,,,,,,,,,,,,,,,,,,,,,,,,,,,,,,,,,,,,,,,,,,,,,,,,,,5.4,,,
Middle East & North Africa,MEA,Poverty headcount ratio at national poverty lines (% of population),SI.POV.NAHC,,,,,,,,,,,,,,,,,,,,,,,,,,,,,,,,,,,,,,,,,,,,,,,,,,,,,,,,,,,,,,,
Mexico,MEX,Poverty headcount ratio at national poverty lines (% of population),SI.POV.NAHC,,,,,,,,,,,,,,,,,,,,,,,,,,,,,,,,,,,,,,,,,,,,,,,,,,,,,,,,,43.6,,41.9,,43.9,,36.3
Marshall Islands,MHL,Poverty headcount ratio at national poverty lines (% of population),SI.POV.NAHC,,,,,,,,,,,,,,,,,,,,,,,,,,,,,,,,,,,,,,,,,,,,,,,,,,,,,,,,,,,,7.2,,,
Middle income,MIC,Poverty headcount ratio at national poverty lines (% of population),SI.POV.NAHC,,,,,,,,,,,,,,,,,,,,,,,,,,,,,,,,,,,,,,,,,,,,,,,,,,,,,,,,,,,,,,,
North Macedonia,MKD,Poverty headcount ratio at national poverty lines (% of population),SI.POV.NAHC,,,,,,,,,,,,,,,,,,,,,,,,,,,,,,,,,,,,,,,,,,,,,,,,,,27,26.8,26.2,24.2,22.1,21.5,21.9,22.2,21.9,21.6,21.8,,,
Mali,MLI,Poverty headcount ratio at national poverty lines (% of population),SI.POV.NAHC,,,,,,,,,,,,,,,,,,,,,,,,,,,,,,,,,,,,,,,,,,50.9,,,,,41.7,,,41.1,,45.4,,47.1,46.9,47.2,46.8,44.9,43.8,42.3,41.9,44.6,
Malta,MLT,Poverty headcount ratio at national poverty lines (% of population),SI.POV.NAHC,,,,,,,,,,,,,,,,,,,,,,,,,,,,,,,,,,,,,,,,,,,,,14.3,14.2,15.1,15.3,14.9,15.5,15.6,15.1,15.8,15.8,16.6,16.5,16.7,16.8,17.1,16.9,16.9,16.7,
Myanmar,MMR,Poverty headcount ratio at national poverty lines (% of population),SI.POV.NAHC,,,,,,,,,,,,,,,,,,,,,,,,,,,,,,,,,,,,,,,,,,,,,,48.2,,,,,42.2,,,,,32.1,,24.8,,,,,
Middle East & North Africa (excluding high income),MNA,Poverty headcount ratio at national poverty lines (% of population),SI.POV.NAHC,,,,,,,,,,,,,,,,,,,,,,,,,,,,,,,,,,,,,,,,,,,,,,,,,,,,,,,,,,,,,,,
Montenegro,MNE,Poverty headcount ratio at national poverty lines (% of population),SI.POV.NAHC,,,,,,,,,,,,,,,,,,,,,,,,,,,,,,,,,,,,,,,,,,,,,,,,,,,,,25.2,24.1,24.4,24,23.6,23.8,24.5,22.6,21.2,,
Mongolia,MNG,Poverty headcount ratio at national poverty lines (% of population),SI.POV.NAHC,,,,,,,,,,,,,,,,,,,,,,,,,,,,,,,,,,,,,,,,,,,,,,,,,,,38.8,33.7,27.4,,21.6,,29.6,,28.4,,27.8,,
Northern Mariana Islands,MNP,Poverty headcount ratio at national poverty lines (% of population),SI.POV.NAHC,,,,,,,,,,,,,,,,,,,,,,,,,,,,,,,,,,,,,,,,,,,,,,,,,,,,,,,,,,,,,,,
Mozambique,MOZ,Poverty headcount ratio at national poverty lines (% of population),SI.POV.NAHC,,,,,,,,,,,,,,,,,,,,,,,,,,,,,,,,,,,,,,,,,,,54.1,,,,,,54.7,,,,,,46.1,,,,,,,,
Mauritania,MRT,Poverty headcount ratio at national poverty lines (% of population),SI.POV.NAHC,,,,,,,,,,,,,,,,,,,,,,,,,,,,,,,,,,,,,,,,,,,,,,,,,,,,,,,34.3,,,,,31.8,,,
Mauritius,MUS,Poverty headcount ratio at national poverty lines (% of population),SI.POV.NAHC,,,,,,,,,,,,,,,,,,,,,,,,,,,,,,,,,,,,,,,,,,,,,,,,,,,,,7.9,,,,,10.3,,,,,
Malawi,MWI,Poverty headcount ratio at national poverty lines (% of population),SI.POV.NAHC,,,,,,,,,,,,,,,,,,,,,,,,,,,,,,,,,,,,,,,,,,,,,52.4,,,,,,50.7,,,,,,51.5,,,50.7,,,
Malaysia,MYS,Poverty headcount ratio at national poverty lines (% of population),SI.POV.NAHC,,,,,,,,,,,,,,,,,,,,,,,,,,,,,,,,,,,,,,,,,,,,,,,,,,,,,,,,,,,,,,6.2,
North America,NAC,Poverty headcount ratio at national poverty lines (% of population),SI.POV.NAHC,,,,,,,,,,,,,,,,,,,,,,,,,,,,,,,,,,,,,,,,,,,,,,,,,,,,,,,,,,,,,,,
Namibia,NAM,Poverty headcount ratio at national poverty lines (% of population),SI.POV.NAHC,,,,,,,,,,,,,,,,,,,,,,,,,,,,,,,,,,,,,,,,,,,,37.7,,,,,,28.7,,,,,,17.4,,,,,,,
New Caledonia,NCL,Poverty headcount ratio at national poverty lines (% of population),SI.POV.NAHC,,,,,,,,,,,,,,,,,,,,,,,,,,,,,,,,,,,,,,,,,,,,,,,,,,,,,,,,,,,,,,,
Niger,NER,Poverty headcount ratio at national poverty lines (% of population),SI.POV.NAHC,,,,,,,,,,,,,,,,,,,,,,,,,,,,,,,,,,,,,,,,,,,,,,,,,,,,,,,,,,,40.8,,,,
Nigeria,NGA,Poverty headcount ratio at national poverty lines (% of population),SI.POV.NAHC,,,,,,,,,,,,,,,,,,,,,,,,,,,,,,,,,,,,,,,,,,,,,,,,,,,,,,,,,,,40.1,,,,
Nicaragua,NIC,Poverty headcount ratio at national poverty lines (% of population),SI.POV.NAHC,,,,,,,,,,,,,,,,,,,,,,,,,,,,,,,,,,,,,,,,,,45.8,,,,48.3,,,,42.5,,,,,29.6,,24.9,,,,,,
Netherlands,NLD,Poverty headcount ratio at national poverty lines (% of population),SI.POV.NAHC,,,,,,,,,,,,,,,,,,,,,,,,,,,,,,,,,,,,,,,,,,,,,,,,,,,,,,,,12.7,13.2,13.3,13.2,13.4,14.4,14.5,
Norway,NOR,Poverty headcount ratio at national poverty lines (% of population),SI.POV.NAHC,,,,,,,,,,,,,,,,,,,,,,,,,,,,,,,,,,,,,,,,,,,10.8,10.8,11.4,12,11.9,11.4,11.7,11.2,10.5,10,10.9,10.9,11.9,12.2,12.3,12.9,12.7,12.7,,,
Nepal,NPL,Poverty headcount ratio at national poverty lines (% of population),SI.POV.NAHC,,,,,,,,,,,,,,,,,,,,,,,,,,,,,,,,,,,,,,,,,,,,,,,,,,,25.2,,,,,,,,,,,,
Nauru,NRU,Poverty headcount ratio at national poverty lines (% of population),SI.POV.NAHC,,,,,,,,,,,,,,,,,,,,,,,,,,,,,,,,,,,,,,,,,,,,,,,,,,,,,,,,,,,,,,,
New Zealand,NZL,Poverty headcount ratio at national poverty lines (% of population),SI.POV.NAHC,,,,,,,,,,,,,,,,,,,,,,,,,,,,,,,,,,,,,,,,,,,,,,,,,,,,,,,,,,,,,,,
OECD members,OED,Poverty headcount ratio at national poverty lines (% of population),SI.POV.NAHC,,,,,,,,,,,,,,,,,,,,,,,,,,,,,,,,,,,,,,,,,,,,,,,,,,,,,,,,,,,,,,,
Oman,OMN,Poverty headcount ratio at national poverty lines (% of population),SI.POV.NAHC,,,,,,,,,,,,,,,,,,,,,,,,,,,,,,,,,,,,,,,,,,,,,,,,,,,,,,,,,,,,,,,
Other small states,OSS,Poverty headcount ratio at national poverty lines (% of population),SI.POV.NAHC,,,,,,,,,,,,,,,,,,,,,,,,,,,,,,,,,,,,,,,,,,,,,,,,,,,,,,,,,,,,,,,
Pakistan,PAK,Poverty headcount ratio at national poverty lines (% of population),SI.POV.NAHC,,,,,,,,,,,,,,,,,,,,,,,,,,,,,,,,,,,,,,,,,,64.3,,,51.7,50.4,,44.1,,,36.8,36.3,,29.5,,24.3,,,21.9,,,,
Panama,PAN,Poverty headcount ratio at national poverty lines (% of population),SI.POV.NAHC,,,,,,,,,,,,,,,,,,,,,,,,,,,,,,,,,,,,,,,,,37.9,,,,,36.6,38.3,36.5,33.8,33.4,29.8,27.6,26.5,25.8,25.6,23,22.1,20.7,21.4,21.5,,,
Peru,PER,Poverty headcount ratio at national poverty lines (% of population),SI.POV.NAHC,,,,,,,,,,,,,,,,,,,,,,,,,,,,,,,,,,,,,,,,,,,,,58.7,55.6,49.2,42.4,37.3,33.5,30.8,27.8,25.8,23.9,22.7,21.8,20.7,21.7,20.5,20.2,30.1,25.9,27.5
Philippines,PHL,Poverty headcount ratio at national poverty lines (% of population),SI.POV.NAHC,,,,,,,,,,,,,,,,,,,,,,,,,,,,,,,,,,,,,,,,,,,,,,,26.6,,,26.3,,,25.2,,,23.5,,,16.7,,,18.1,
Palau,PLW,Poverty headcount ratio at national poverty lines (% of population),SI.POV.NAHC,,,,,,,,,,,,,,,,,,,,,,,,,,,,,,,,,,,,,,,,,,,,,,,24.9,,,,,,,,,,,,,,,,
Papua New Guinea,PNG,Poverty headcount ratio at national poverty lines (% of population),SI.POV.NAHC,,,,,,,,,,,,,,,,,,,,,,,,,,,,,,,,,,,,,,,,,,,,,,,,,,39.9,,,,,,,,,,,,,
Poland,POL,Poverty headcount ratio at national poverty lines (% of population),SI.POV.NAHC,,,,,,,,,,,,,,,,,,,,,,,,,,,,,,,,,,,,,,,,,,,,,,,,,,,,,,,,,,,,,11.8,12.2,11.8
Pre-demographic dividend,PRE,Poverty headcount ratio at national poverty lines (% of population),SI.POV.NAHC,,,,,,,,,,,,,,,,,,,,,,,,,,,,,,,,,,,,,,,,,,,,,,,,,,,,,,,,,,,,,,,
Puerto Rico,PRI,Poverty headcount ratio at national poverty lines (% of population),SI.POV.NAHC,,,,,,,,,,,,,,,,,,,,,,,,,,,,,,,,,,,,,,,,,,,,,,,,,,,,,,,,,,,,,,,
"Korea, Dem. People's Rep.",PRK,Poverty headcount ratio at national poverty lines (% of population),SI.POV.NAHC,,,,,,,,,,,,,,,,,,,,,,,,,,,,,,,,,,,,,,,,,,,,,,,,,,,,,,,,,,,,,,,
Portugal,PRT,Poverty headcount ratio at national poverty lines (% of population),SI.POV.NAHC,,,,,,,,,,,,,,,,,,,,,,,,,,,,,,,,,,,,,,,,,,,,20.4,19.4,18.5,18.1,18.5,17.9,17.9,18,17.9,18.7,19.5,19.5,19,18.3,17.3,17.2,16.2,18.4,16.4,
Paraguay,PRY,Poverty headcount ratio at national poverty lines (% of population),SI.POV.NAHC,,,,,,,,,,,,,,,,,,,,,,,,,,,,,,,,,,,,,,,,,,,57.7,51.4,48.8,44.9,48.9,45.3,43.2,41.6,39,37,31.4,28,27.2,26.6,28.9,26.4,24.2,23.5,26.9,26.9,24.7
West Bank and Gaza,PSE,Poverty headcount ratio at national poverty lines (% of population),SI.POV.NAHC,,,,,,,,,,,,,,,,,,,,,,,,,,,,,,,,,,,,,,,,,,,,,,,,,,,25.7,25.8,,,,,29.2,,,,,,
Pacific island small states,PSS,Poverty headcount ratio at national poverty lines (% of population),SI.POV.NAHC,,,,,,,,,,,,,,,,,,,,,,,,,,,,,,,,,,,,,,,,,,,,,,,,,,,,,,,,,,,,,,,
Post-demographic dividend,PST,Poverty headcount ratio at national poverty lines (% of population),SI.POV.NAHC,,,,,,,,,,,,,,,,,,,,,,,,,,,,,,,,,,,,,,,,,,,,,,,,,,,,,,,,,,,,,,,
French Polynesia,PYF,Poverty headcount ratio at national poverty lines (% of population),SI.POV.NAHC,,,,,,,,,,,,,,,,,,,,,,,,,,,,,,,,,,,,,,,,,,,,,,,,,,,,,,,,,,,,,,,
Qatar,QAT,Poverty headcount ratio at national poverty lines (% of population),SI.POV.NAHC,,,,,,,,,,,,,,,,,,,,,,,,,,,,,,,,,,,,,,,,,,,,,,,,,,,,,,,,,,,,,,,
Romania,ROU,Poverty headcount ratio at national poverty lines (% of population),SI.POV.NAHC,,,,,,,,,,,,,,,,,,,,,,,,,,,,,,,,,,,,,,,,,,,,,,,24.6,23.6,22.1,21.6,22.3,22.9,23,25.1,25.4,25.3,23.6,23.5,23.8,23.4,22.6,21.2,
Russian Federation,RUS,Poverty headcount ratio at national poverty lines (% of population),SI.POV.NAHC,,,,,,,,,,,,,,,,,,,,,,,,,,,,,,,,,,,,,,,,,29,,24.6,20.3,17.6,17.8,15.2,13.3,13.4,13,12.5,12.7,10.7,10.8,11.2,13.3,13.3,13.2,12.6,12.3,12.1,,
Rwanda,RWA,Poverty headcount ratio at national poverty lines (% of population),SI.POV.NAHC,,,,,,,,,,,,,,,,,,,,,,,,,,,,,,,,,,,,,,,,,,,,,,,,,,,,,,39.1,,,38.2,,,,,,
South Asia,SAS,Poverty headcount ratio at national poverty lines (% of population),SI.POV.NAHC,,,,,,,,,,,,,,,,,,,,,,,,,,,,,,,,,,,,,,,,,,,,,,,,,,,,,,,,,,,,,,,
Saudi Arabia,SAU,Poverty headcount ratio at national poverty lines (% of population),SI.POV.NAHC,,,,,,,,,,,,,,,,,,,,,,,,,,,,,,,,,,,,,,,,,,,,,,,,,,,,,,,,,,,,,,,
Sudan,SDN,Poverty headcount ratio at national poverty lines (% of population),SI.POV.NAHC,,,,,,,,,,,,,,,,,,,,,,,,,,,,,,,,,,,,,,,,,,,,,,,,,,46.5,,,,,,,,,,,,,
Senegal,SEN,Poverty headcount ratio at national poverty lines (% of population),SI.POV.NAHC,,,,,,,,,,,,,,,,,,,,,,,,,,,,,,,,,,,,,,,,,,55.2,,,,48.3,,,,,,46.7,,,,,,,,,,,
Singapore,SGP,Poverty headcount ratio at national poverty lines (% of population),SI.POV.NAHC,,,,,,,,,,,,,,,,,,,,,,,,,,,,,,,,,,,,,,,,,,,,,,,,,,,,,,,,,,,,,,,
Solomon Islands,SLB,Poverty headcount ratio at national poverty lines (% of population),SI.POV.NAHC,,,,,,,,,,,,,,,,,,,,,,,,,,,,,,,,,,,,,,,,,,,,,,22.7,,,,,,,12.7,,,,,,,,,,
Sierra Leone,SLE,Poverty headcount ratio at national poverty lines (% of population),SI.POV.NAHC,,,,,,,,,,,,,,,,,,,,,,,,,,,,,,,,,,,,,,,,,,,,,,,,,,,,62.4,,,,,,,56.8,,,,
El Salvador,SLV,Poverty headcount ratio at national poverty lines (% of population),SI.POV.NAHC,,,,,,,,,,,,,,,,,,,,,,,,,,,,,,,,,,,,,,,,,,,,,,,,,,,,,,,,,,,,,26.2,24.6,26.6
San Marino,SMR,Poverty headcount ratio at national poverty lines (% of population),SI.POV.NAHC,,,,,,,,,,,,,,,,,,,,,,,,,,,,,,,,,,,,,,,,,,,,,,,,,,,,,,,,,,,,,,,
Somalia,SOM,Poverty headcount ratio at national poverty lines (% of population),SI.POV.NAHC,,,,,,,,,,,,,,,,,,,,,,,,,,,,,,,,,,,,,,,,,,,,,,,,,,,,,,,,,,,,,,,54.4
Serbia,SRB,Poverty headcount ratio at national poverty lines (% of population),SI.POV.NAHC,,,,,,,,,,,,,,,,,,,,,,,,,,,,,,,,,,,,,,,,,,,,,,,,,,,,,24.5,25,26.7,25.9,25.7,24.3,23.2,21.7,21.2,,
Sub-Saharan Africa (excluding high income),SSA,Poverty headcount ratio at national poverty lines (% of population),SI.POV.NAHC,,,,,,,,,,,,,,,,,,,,,,,,,,,,,,,,,,,,,,,,,,,,,,,,,,,,,,,,,,,,,,,
South Sudan,SSD,Poverty headcount ratio at national poverty lines (% of population),SI.POV.NAHC,,,,,,,,,,,,,,,,,,,,,,,,,,,,,,,,,,,,,,,,,,,,,,,,,,,,,,,,,82.3,,,,,,
Sub-Saharan Africa,SSF,Poverty headcount ratio at national poverty lines (% of population),SI.POV.NAHC,,,,,,,,,,,,,,,,,,,,,,,,,,,,,,,,,,,,,,,,,,,,,,,,,,,,,,,,,,,,,,,
Small states,SST,Poverty headcount ratio at national poverty lines (% of population),SI.POV.NAHC,,,,,,,,,,,,,,,,,,,,,,,,,,,,,,,,,,,,,,,,,,,,,,,,,,,,,,,,,,,,,,,
Sao Tome and Principe,STP,Poverty headcount ratio at national poverty lines (% of population),SI.POV.NAHC,,,,,,,,,,,,,,,,,,,,,,,,,,,,,,,,,,,,,,,,,,,,,,,,,,,,,,,,,,55.5,,,,,
Suriname,SUR,Poverty headcount ratio at national poverty lines (% of population),SI.POV.NAHC,,,,,,,,,,,,,,,,,,,,,,,,,,,,,,,,,,,,,,,,,,,,,,,,,,,,,,,,,,,,,,,
Slovak Republic,SVK,Poverty headcount ratio at national poverty lines (% of population),SI.POV.NAHC,,,,,,,,,,,,,,,,,,,,,,,,,,,,,,,,,,,,,,,,,,,,,13.3,11.6,10.6,10.9,11,12,13,13.2,12.8,12.6,12.3,12.7,12.4,12.2,11.9,11.4,12.3,13.7,
Slovenia,SVN,Poverty headcount ratio at national poverty lines (% of population),SI.POV.NAHC,,,,,,,,,,,,,,,,,,,,,,,,,,,,,,,,,,,,,,,,,,,,,12.2,11.6,11.5,12.3,11.3,12.7,13.6,13.5,14.5,14.5,14.3,13.9,13.3,13.3,12,12.4,11.7,12.1,
Sweden,SWE,Poverty headcount ratio at national poverty lines (% of population),SI.POV.NAHC,,,,,,,,,,,,,,,,,,,,,,,,,,,,,,,,,,,,,,,,,,,,,,,,13.5,14.4,14.8,15.4,15.2,16,15.6,16.3,16.2,15.8,16.4,17.1,16.1,15.7,16,
Eswatini,SWZ,Poverty headcount ratio at national poverty lines (% of population),SI.POV.NAHC,,,,,,,,,,,,,,,,,,,,,,,,,,,,,,,,,,,,,,,,,69,,,,,,,,,63,,,,,,,58.9,,,,,,
Sint Maarten (Dutch part),SXM,Poverty headcount ratio at national poverty lines (% of population),SI.POV.NAHC,,,,,,,,,,,,,,,,,,,,,,,,,,,,,,,,,,,,,,,,,,,,,,,,,,,,,,,,,,,,,,,
Seychelles,SYC,Poverty headcount ratio at national poverty lines (% of population),SI.POV.NAHC,,,,,,,,,,,,,,,,,,,,,,,,,,,,,,,,,,,,,,,,,,,,,,,,,,,,,,39.3,,,,,25.3,,,,
Syrian Arab Republic,SYR,Poverty headcount ratio at national poverty lines (% of population),SI.POV.NAHC,,,,,,,,,,,,,,,,,,,,,,,,,,,,,,,,,,,,,,,,,,,,30.1,,,,35.2,,,,,,,,,,,,,,,
Turks and Caicos Islands,TCA,Poverty headcount ratio at national poverty lines (% of population),SI.POV.NAHC,,,,,,,,,,,,,,,,,,,,,,,,,,,,,,,,,,,,,,,,,,,,,,,,,,,,,,,,,,,,,,,
Chad,TCD,Poverty headcount ratio at national poverty lines (% of population),SI.POV.NAHC,,,,,,,,,,,,,,,,,,,,,,,,,,,,,,,,,,,,,,,,,,,,,,,,,,,,,,,,,,,42.3,,,,
East Asia & Pacific (IDA & IBRD countries),TEA,Poverty headcount ratio at national poverty lines (% of population),SI.POV.NAHC,,,,,,,,,,,,,,,,,,,,,,,,,,,,,,,,,,,,,,,,,,,,,,,,,,,,,,,,,,,,,,,
Europe & Central Asia (IDA & IBRD countries),TEC,Poverty headcount ratio at national poverty lines (% of population),SI.POV.NAHC,,,,,,,,,,,,,,,,,,,,,,,,,,,,,,,,,,,,,,,,,,,,,,,,,,,,,,,,,,,,,,,
Togo,TGO,Poverty headcount ratio at national poverty lines (% of population),SI.POV.NAHC,,,,,,,,,,,,,,,,,,,,,,,,,,,,,,,,,,,,,,,,,,,,,,,,,,,,,,,,,,,45.5,,,,
Thailand,THA,Poverty headcount ratio at national poverty lines (% of population),SI.POV.NAHC,,,,,,,,,,,,,,,,,,,,,,,,,,,,,,,,,,,,,,,,,42.3,,32.4,,26.8,,21.9,20,20.4,17.9,16.4,13.2,12.6,10.9,10.5,7.2,8.6,7.9,9.9,6.2,6.8,6.3,
Tajikistan,TJK,Poverty headcount ratio at national poverty lines (% of population),SI.POV.NAHC,,,,,,,,,,,,,,,,,,,,,,,,,,,,,,,,,,,,,,,,,,,,,,,,,,,,,,34.3,32,31.3,30.3,29.5,27.4,26.3,,23.2,22.5
Turkmenistan,TKM,Poverty headcount ratio at national poverty lines (% of population),SI.POV.NAHC,,,,,,,,,,,,,,,,,,,,,,,,,,,,,,,,,,,,,,,,,,,,,,,,,,,,,,,,,,,,,,,
Latin America & the Caribbean (IDA & IBRD countries),TLA,Poverty headcount ratio at national poverty lines (% of population),SI.POV.NAHC,,,,,,,,,,,,,,,,,,,,,,,,,,,,,,,,,,,,,,,,,,,,,,,,,,,,,,,,,,,,,,,
Timor-Leste,TLS,Poverty headcount ratio at national poverty lines (% of population),SI.POV.NAHC,,,,,,,,,,,,,,,,,,,,,,,,,,,,,,,,,,,,,,,,,,36.3,,,,,,50.4,,,,,,,41.8,,,,,,,,
Middle East & North Africa (IDA & IBRD countries),TMN,Poverty headcount ratio at national poverty lines (% of population),SI.POV.NAHC,,,,,,,,,,,,,,,,,,,,,,,,,,,,,,,,,,,,,,,,,,,,,,,,,,,,,,,,,,,,,,,
Tonga,TON,Poverty headcount ratio at national poverty lines (% of population),SI.POV.NAHC,,,,,,,,,,,,,,,,,,,,,,,,,,,,,,,,,,,,,,,,,16.2,,,,,,,,,22.5,,,,,,,,,,,,,
South Asia (IDA & IBRD),TSA,Poverty headcount ratio at national poverty lines (% of population),SI.POV.NAHC,,,,,,,,,,,,,,,,,,,,,,,,,,,,,,,,,,,,,,,,,,,,,,,,,,,,,,,,,,,,,,,
Sub-Saharan Africa (IDA & IBRD countries),TSS,Poverty headcount ratio at national poverty lines (% of population),SI.POV.NAHC,,,,,,,,,,,,,,,,,,,,,,,,,,,,,,,,,,,,,,,,,,,,,,,,,,,,,,,,,,,,,,,
Trinidad and Tobago,TTO,Poverty headcount ratio at national poverty lines (% of population),SI.POV.NAHC,,,,,,,,,,,,,,,,,,,,,,,,,,,,,,,,,,,,,,,,,,,,,,,,,,,,,,,,,,,,,,,
Tunisia,TUN,Poverty headcount ratio at national poverty lines (% of population),SI.POV.NAHC,,,,,,,,,,,,,,,,,,,,,,,,,,,,,,,,,,,,,,,,,25.4,,,,,23.1,,,,,20.5,,,,,15.2,,,,,,16.6,
Turkiye,TUR,Poverty headcount ratio at national poverty lines (% of population),SI.POV.NAHC,,,,,,,,,,,,,,,,,,,,,,,,,,,,,,,,,,,,,,,,,,,,,,18.6,16.3,16.7,17.1,16.9,16.1,16.3,15,15,14.7,14.3,13.5,13.9,14.4,15,14.4,,
Tuvalu,TUV,Poverty headcount ratio at national poverty lines (% of population),SI.POV.NAHC,,,,,,,,,,,,,,,,,,,,,,,,,,,,,,,,,,,,,,,,,,,,,,,,,,,26.3,,,,,,,,,,,,
Tanzania,TZA,Poverty headcount ratio at national poverty lines (% of population),SI.POV.NAHC,,,,,,,,,,,,,,,,,,,,,,,,,,,,,,,,,,,,,,,,,35.6,,,,,,,34.4,,,,28.2,,,,,,,26.4,,,,
Uganda,UGA,Poverty headcount ratio at national poverty lines (% of population),SI.POV.NAHC,,,,,,,,,,,,,,,,,,,,,,,,,,,,,,,,,,,,,,,,,,,38.8,,,31.1,,,,24.5,,,19.7,,,,21.4,,,20.3,,,
Ukraine,UKR,Poverty headcount ratio at national poverty lines (% of population),SI.POV.NAHC,,,,,,,,,,,,,,,,,,,,,,,,,,,,,,,,,,,,,,,,,,,,,,,,,,,,,,,,,,,,,1.6,,
Upper middle income,UMC,Poverty headcount ratio at national poverty lines (% of population),SI.POV.NAHC,,,,,,,,,,,,,,,,,,,,,,,,,,,,,,,,,,,,,,,,,,,,,,,,,,,,,,,,,,,,,,,
Uruguay,URY,Poverty headcount ratio at national poverty lines (% of population),SI.POV.NAHC,,,,,,,,,,,,,,,,,,,,,,,,,,,,,,,,,,,,,,,,,,,,,,,,,,,,,,,,,,,,,,,9.9
United States,USA,Poverty headcount ratio at national poverty lines (% of population),SI.POV.NAHC,,,,,,,,,,,,,,,,,,,,,,,,,,,,,,,,,,,,,,,,,,,,,,,,,,,,,,,,,,,,,,,
Uzbekistan,UZB,Poverty headcount ratio at national poverty lines (% of population),SI.POV.NAHC,,,,,,,,,,,,,,,,,,,,,,,,,,,,,,,,,,,,,,,,,,,,,,,,,,,,,15,14.1,,,,,,,,,
St. Vincent and the Grenadines,VCT,Poverty headcount ratio at national poverty lines (% of population),SI.POV.NAHC,,,,,,,,,,,,,,,,,,,,,,,,,,,,,,,,,,,,,,,,,,,,,,,,,,,,,,,,,,,,,,,
"Venezuela, RB",VEN,Poverty headcount ratio at national poverty lines (% of population),SI.POV.NAHC,,,,,,,,,,,,,,,,,,,,,,,,,,,,,,,,,,,,,,,,,41.6,31.1,41.1,54,53.1,42.4,33.1,27.5,27.7,26.4,26.8,27.4,27.2,29.4,29.5,33.1,,,,,,,
British Virgin Islands,VGB,Poverty headcount ratio at national poverty lines (% of population),SI.POV.NAHC,,,,,,,,,,,,,,,,,,,,,,,,,,,,,,,,,,,,,,,,,,,,,,,,,,,,,,,,,,,,,,,
Virgin Islands (U.S.),VIR,Poverty headcount ratio at national poverty lines (% of population),SI.POV.NAHC,,,,,,,,,,,,,,,,,,,,,,,,,,,,,,,,,,,,,,,,,,,,,,,,,,,,,,,,,,,,,,,
Viet Nam,VNM,Poverty headcount ratio at national poverty lines (% of population),SI.POV.NAHC,,,,,,,,,,,,,,,,,,,,,,,,,,,,,,,,,,,,,,,,,,,,,,,,,,,,,,,,,9.2,7.9,6.8,5.7,4.8,,
Vanuatu,VUT,Poverty headcount ratio at national poverty lines (% of population),SI.POV.NAHC,,,,,,,,,,,,,,,,,,,,,,,,,,,,,,,,,,,,,,,,,,,,,,,,,,,,,,,,,,,,15.9,,,
World,WLD,Poverty headcount ratio at national poverty lines (% of population),SI.POV.NAHC,,,,,,,,,,,,,,,,,,,,,,,,,,,,,,,,,,,,,,,,,,,,,,,,,,,,,,,,,,,,,,,
Samoa,WSM,Poverty headcount ratio at national poverty lines (% of population),SI.POV.NAHC,,,,,,,,,,,,,,,,,,,,,,,,,,,,,,,,,,,,,,,,,,,,,,,,,26.9,,,,,18.8,,,,,21.9,,,,
Kosovo,XKX,Poverty headcount ratio at national poverty lines (% of population),SI.POV.NAHC,,,,,,,,,,,,,,,,,,,,,,,,,,,,,,,,,,,,,,,,,,,,,,,,,,,,,22.9,17.6,21.1,17.6,,,,,,,
"Yemen, Rep.",YEM,Poverty headcount ratio at national poverty lines (% of population),SI.POV.NAHC,,,,,,,,,,,,,,,,,,,,,,,,,,,,,,,,,,,,,,,,,,,,,,34.8,,,,,,,,,48.6,,,,,,,,
South Africa,ZAF,Poverty headcount ratio at national poverty lines (% of population),SI.POV.NAHC,,,,,,,,,,,,,,,,,,,,,,,,,,,,,,,,,,,,,,,,,,,,,,66.6,,,62.1,,53.2,,,,55.5,,,,,,,,
Zambia,ZMB,Poverty headcount ratio at national poverty lines (% of population),SI.POV.NAHC,,,,,,,,,,,,,,,,,,,,,,,,,,,,,,,,,,,,,,,,,,,,,,,,,,,54.7,,,,,54.4,,,,,,,
Zimbabwe,ZWE,Poverty headcount ratio at national poverty lines (% of population),SI.POV.NAHC,,,,,,,,,,,,,,,,,,,,,,,,,,,,,,,,,,,,,,,,,,32.2,,,,,,,,,,22.5,,,,,,30.4,,38.3,,,